{
  "rabbit_version":"3.6.3",
  "users": [
    {
      "name":"guest",
      "password_hash":"fd0GyzAf6C6hmgCJ5VU+TSyzUNlzypPlGb7VDKkqUvJqVxyd",
      "hashing_algorithm":"rabbit_password_hashing_sha256",
      "tags":"administrator"
    }
  ],
  "vhosts": [
    {
      "name":"/"
    }
  ],
  "permissions":[
    {
      "user":"guest",
      "vhost":"/",
      "configure":".*",
      "write":".*",
      "read":".*"
    }
  ],
  "parameters":[],
  "policies":[
    {"vhost":"/","name":"ha","pattern":"", "definition":{"ha-mode":"all","ha-sync-mode":"automatic","ha-sync-batch-size":5}}
  ],
  "queues":[
    {
      "name":"q.user.created",
      "vhost":"/",
      "durable":true,
      "auto_delete":true,
      "arguments":{}
    }
  ],
  "exchanges":[
    {
      "name":"e.user.created",
      "vhost":"/",
      "type":"topic",
      "durable":true,
      "auto_delete":false,
      "internal":false,
      "arguments":{}
    }
  ],
  "bindings":[
    {
      "source":"e.user.created",
      "vhost":"/",
      "destination":"q.user.created",
      "destination_type":"queue",
      "routing_key":"user.created",
      "arguments":{}
    }
  ]
}
